construct,cronbachs_alpha
PU,0.959558790125476
PEOU,0.9474480151228734
PCE,0.8851125725241198
PIN,0.9009364548494982
GOAL,0.9686863144693525
