insight_number,avg_word_length,unique_word_ratio,detail_score,integration_score
insight1,1.4160631994733377,1,0.45161290322580644,0.8064516129032258
insight2,1.222684703433923,1,0.6451612903225806,0.5806451612903226
insight3,1.4334677419354838,1,0.41935483870967744,0.5161290322580645
insight4,1.3949967083607637,1,0.5483870967741935,0.6129032258064516
insight5,0.9540322580645161,1,0.5161290322580645,0.7096774193548387
