insight_number,specificity,evidence_based,analytical_depth,contextual,domain_relevance,overall_quality
insight1,2.2580645161290325,0.5483870967741935,0.4838709677419355,0.7741935483870968,0.45161290322580644,0.9032258064516128
insight2,2.4838709677419355,0.5806451612903226,0.5161290322580645,0.6774193548387096,0.7096774193548387,0.9935483870967742
insight3,1.935483870967742,0.41935483870967744,0.4838709677419355,0.3548387096774194,0.6774193548387096,0.7741935483870968
insight4,1.967741935483871,0.5161290322580645,0.3548387096774194,0.6451612903225806,0.45161290322580644,0.7870967741935484
insight5,2.064516129032258,0.4838709677419355,0.3870967741935484,0.5161290322580645,0.6774193548387096,0.8258064516129032
