construct,cronbachs_alpha
PU,0.9350474134607972
PEOU,0.9344939180894989
PCE,0.9077794550179742
PIN,0.8868069815195071
